{
    "output_file": "WRMConfig.json",

    // Default Settings
    "togLive": {
        "type": "checkbox",
        "value": false,
        "label": "Stream Must Be Live",
        "tooltip": "Enable this checkbox if stream must be live in order to use commands.",
        "group": "Basic Settings"
    },
	"permission": {
        "type": "dropdown",
        "value": "Everyone",
        "items": ["Everyone","Regular","Subscriber","Moderator","Caster"],
        "label": "Permission level",
        "tooltip": "Set the permission level for the command",
        "group": "Basic Settings"
    },
	"command": {
        "type": "textbox",
        "value": "!wrmrandom",
        "label": "Command",
        "tooltip": "Command to use to randomize a mission selection.",
        "group": "Commands"
    },
	"cmdHelp": {
        "type": "textbox",
        "value": "!wrmhelp",
        "label": "Help Command",
        "tooltip": "Command to use to display entire command list.",
        "group": "Commands"
    },
	"cmdVersion": {
        "type": "textbox",
        "value": "!wrmversion",
        "label": "Script Version (Caster Only)",
        "tooltip": "Caster command that will display script version.",
        "group": "Commands"
    },
	"togCooldown": {
        "type": "checkbox",
        "value": false,
        "label": "Cooldown ON/OFF",
        "tooltip": "Enable/Disable cooldown.",
        "group": "Cooldown"
    },
	"togCooldownCaster": {
        "type": "checkbox",
        "value": false,
        "label": "Caster Cooldown",
        "tooltip": "Enable/Disable cooldown for Caster.",
        "group": "Cooldown"
    },
    "timerCooldown": {
        "type": "numberbox",
        "label": "Cooldown (seconds)",
        "value": 60,
        "tooltip": "Cooldown timer in seconds.",
        "group": "Cooldown"
    },
	"togSpecialIgnoreType": {
        "type": "checkbox",
        "value": false,
        "label": "Toggle Special Ignore Type",
        "tooltip": "Toggle Special missions ignore mission type toggles.",
        "group": "Randomizer:Special Settings"
    },
	"togSpecialIgnoreZone": {
        "type": "checkbox",
        "value": false,
        "label": "Toggle Special Ignore Zone",
        "tooltip": "Toggle Special missions ignore mission zone toggles.",
        "group": "Randomizer:Special Settings"
    },
	"togSpecialOverwrite": {
        "type": "checkbox",
        "value": false,
        "label": "Toggle Special Overwrite Mode",
        "tooltip": "Toggle Special missions to remove shared regular nodes.",
        "group": "Randomizer:Special Settings"
    },
	"togBosses": {
        "type": "checkbox",
        "value": true,
        "label": "Toggle Boss Missions",
        "tooltip": "Toggles all assassination missions.",
        "group": "Randomizer:Special Settings"
    },
    "bossWeight": {
        "type": "numberbox",
        "value": 1,
        "label": "Boss Mission Weighting",
        "tooltip": "",
        "group": "Randomizer:Special Settings"
	},
	"togArchwing": {
        "type": "checkbox",
        "value": true,
        "label": "Toggle Archwing Missions",
        "tooltip": "Toggles all archwing missions.",
        "group": "Randomizer:Special Settings"
    },
    "archwingWeight": {
        "type": "numberbox",
        "value": 1,
        "label": "Archwing Mission Weighting",
        "tooltip": "",
        "group": "Randomizer:Special Settings"
    },
	"togAlerts": {
        "type": "checkbox",
        "value": true,
        "label": "Toggle alert missions.",
        "tooltip": "Toggles all alert missions.",
        "group": "Randomizer:Special Settings"
    },
    "alertWeight": {
        "type": "numberbox",
        "value": 1,
        "label": "Alert Mission Weighting",
        "tooltip": "",
        "group": "Randomizer:Special Settings"
    },
	"togRelics": {
        "type": "checkbox",
        "value": true,
        "label": "Toggle relic missions.",
        "tooltip": "Toggles all relic missions.",
        "group": "Randomizer:Special Settings"
    },
    "relicWeight": {
        "type": "numberbox",
        "value": 1,
        "label": "Relic Mission Weighting",
        "tooltip": "",
        "group": "Randomizer:Special Settings"
    },
	"togLith": {
        "type": "checkbox",
        "value": true,
        "label": "Toggle Lith missions.",
        "tooltip": "Toggles all Lith missions.",
        "group": "Randomizer:Relics Settings"
    },
	"togMeso": {
        "type": "checkbox",
        "value": true,
        "label": "Toggle Meso missions.",
        "tooltip": "Toggles all Meso missions.",
        "group": "Randomizer:Relics Settings"
    },
	"togNeo": {
        "type": "checkbox",
        "value": true,
        "label": "Toggle Neo missions.",
        "tooltip": "Toggles all Neo missions.",
        "group": "Randomizer:Relics Settings"
    },
	"togAxi": {
        "type": "checkbox",
        "value": true,
        "label": "Toggle Axi missions.",
        "tooltip": "Toggles all Axi missions.",
        "group": "Randomizer:Relics Settings"
    },
	"togCetus": {
        "type": "checkbox",
        "value": true,
        "label": "Toggle Cetus bounties.",
        "tooltip": "Toggles all Cetus bounties.",
        "group": "Randomizer:Special Settings"
    },
	"cetusWeight": {
        "type": "numberbox",
        "value": 1,
        "label": "Cetus Mission Weighting",
        "tooltip": "",
        "group": "Randomizer:Special Settings"
    },
	"togInvasions": {
        "type": "checkbox",
        "value": true,
        "label": "Toggle all invasion missions.",
        "tooltip": "Toggles all invasion missions.",
        "group": "Randomizer:Special Settings"
    },
	"invasionWeight": {
        "type": "numberbox",
        "value": 1,
        "label": "Invasion Mission Weighting",
        "tooltip": "",
        "group": "Randomizer:Special Settings"
    },
	"togRegular": {
        "type": "checkbox",
        "value": true,
        "label": "Toggle regular missions",
        "tooltip": "Toggles all regular mission nodes. Super to all zone toggles.",
        "group": "Randomizer:Zones Settings"
    },
	"togMercury": {
        "type": "checkbox",
        "value": true,
        "label": "Toggle all Mercury missions",
        "tooltip": "Toggles all Mercury missions.",
        "group": "Randomizer:Zones Settings"
    },
	"togVenus": {
        "type": "checkbox",
        "value": true,
        "label": "Toggle all Venus missions",
        "tooltip": "Toggles all Venus missions.",
        "group": "Randomizer:Zones Settings"
    },
	"togEarth": {
        "type": "checkbox",
        "value": true,
        "label": "Toggle all Earth missions",
        "tooltip": "Toggles all Earth missions.",
        "group": "Randomizer:Zones Settings"
    },
	"togMars": {
        "type": "checkbox",
        "value": true,
        "label": "Toggle all Mars missions",
        "tooltip": "Toggles all Mars missions.",
        "group": "Randomizer:Zones Settings"
    },
	"togPhobos": {
        "type": "checkbox",
        "value": true,
        "label": "Toggle all Phobos missions",
        "tooltip": "Toggles all Phobos missions.",
        "group": "Randomizer:Zones Settings"
    },
	"togCeres": {
        "type": "checkbox",
        "value": true,
        "label": "Toggle all Ceres missions",
        "tooltip": "Toggles all Ceres missions.",
        "group": "Randomizer:Zones Settings"
    },
	"togJupiter": {
        "type": "checkbox",
        "value": true,
        "label": "Toggle all Saturn missions",
        "tooltip": "Toggles all Saturn missions.",
        "group": "Randomizer:Zones Settings"
    },
	"togEuropa": {
        "type": "checkbox",
        "value": true,
        "label": "Toggle all Europa missions",
        "tooltip": "Toggles all Europa missions.",
        "group": "Randomizer:Zones Settings"
    },
	"togSaturn": {
        "type": "checkbox",
        "value": true,
        "label": "Toggle all Saturn missions",
        "tooltip": "Toggles all Saturnmissions.",
        "group": "Randomizer:Zones Settings"
    },
	"togUranus": {
        "type": "checkbox",
        "value": true,
        "label": "Toggle all Uranus missions.",
        "tooltip": "Toggles all Uranus missions.",
        "group": "Randomizer:Zones Settings"
    },
	"togNeptune": {
        "type": "checkbox",
        "value": true,
        "label": "Toggle all Neptune missions",
        "tooltip": "Toggles all Neptune missions.",
        "group": "Randomizer:Zones Settings"
    },
	"togPluto": {
        "type": "checkbox",
        "value": true,
        "label": "Toggle all Pluto missions",
        "tooltip": "Toggles all Pluto missions.",
        "group": "Randomizer:Zones Settings"
    },
	"togEris": {
        "type": "checkbox",
        "value": true,
        "label": "Toggle all Eris missions",
        "tooltip": "Toggles all Eris missions.",
        "group": "Randomizer:Zones Settings"
    },
	"togSedna": {
        "type": "checkbox",
        "value": true,
        "label": "Toggle all Sedna missions",
        "tooltip": "Toggles all Sedna missions.",
        "group": "Randomizer:Zones Settings"
    },
	"togVoid1": {
        "type": "checkbox",
        "value": true,
        "label": "Toggle Void 1",
        "tooltip": "Toggle first set of void missions.",
        "group": "Randomizer:Zones Settings"
    },
	"togVoid2": {
        "type": "checkbox",
        "value": true,
        "label": "Toggle Void 2",
        "tooltip": "Toggle second set of void missions.",
        "group": "Randomizer:Zones Settings"
    },
	"togVoid3": {
        "type": "checkbox",
        "value": true,
        "label": "Toggle Void 3",
        "tooltip": "Toggle third set of void missions.",
        "group": "Randomizer:Zones Settings"
    },
	"togVoid4": {
        "type": "checkbox",
        "value": true,
        "label": "Toggle Void 4",
        "tooltip": "Toggle fourth set of void missions.",
        "group": "Randomizer:Zones Settings"
    },
	"togDerelict": {
        "type": "checkbox",
        "value": true,
        "label": "Toggles Derelict mission",
        "tooltip": "Toggles Derelict missions.",
        "group": "Randomizer:Zones Settings"
    },
	"togLua": {
        "type": "checkbox",
        "value": true,
        "label": "Toggle Lua missions",
        "tooltip": "Toggle Lua missions.",
        "group": "Randomizer:Zones Settings"
    },
	"togKuvaFortress": {
        "type": "checkbox",
        "value": true,
        "label": "Toggle Kuva Fortress missions",
        "tooltip": "Toggle Kuva Fotress missions.",
        "group": "Randomizer:Zones Settings"
    },
	"togCapture": {
        "type": "checkbox",
        "value": true,
        "label": "Toggle Capture missions",
        "tooltip": "Toggle Capture missions.",
        "group": "Randomizer:Types Settings"
    },
	"togCapture": {
        "type": "checkbox",
        "value": true,
        "label": "Toggle Capture missions",
        "tooltip": "Toggle Capture missions.",
        "group": "Randomizer:Types Settings"
    },
	"togDefection": {
        "type": "checkbox",
        "value": true,
        "label": "Toggle Defection missions",
        "tooltip": "Toggle Defection missions.",
        "group": "Randomizer:Types Settings"
    },
	"togDefense": {
        "type": "checkbox",
        "value": true,
        "label": "Toggle Defense missions",
        "tooltip": "Toggle Defense missions.",
        "group": "Randomizer:Types Settings"
    },
	"togExcavation": {
        "type": "checkbox",
        "value": true,
        "label": "Toggle Excavation missions",
        "tooltip": "Toggle Excavation missions.",
        "group": "Randomizer:Types Settings"
    },
	"togExterminate": {
        "type": "checkbox",
        "value": true,
        "label": "Toggle Exterminate missions",
        "tooltip": "Toggle Exterminate missions.",
        "group": "Randomizer:Types Settings"
    },
	"togHijack": {
        "type": "checkbox",
        "value": true,
        "label": "Toggle Hijack missions",
        "tooltip": "Toggle Hijack missions.",
        "group": "Randomizer:Types Settings"
    },
	"togInfestedsalvage": {
        "type": "checkbox",
        "value": true,
        "label": "Toggle Infested Salvage missions",
        "tooltip": "Toggle Infested Salvage missions.",
        "group": "Randomizer:Types Settings"
    },
	"togInterception": {
        "type": "checkbox",
        "value": true,
        "label": "Toggle Interception missions",
        "tooltip": "Toggle Interception missions.",
        "group": "Randomizer:Types Settings"
    },
	"togMobileDefense": {
        "type": "checkbox",
        "value": true,
        "label": "Toggle Mobile Defense missions",
        "tooltip": "Toggle Mobile Defense missions.",
        "group": "Randomizer:Types Settings"
    },
	"togRescue": {
        "type": "checkbox",
        "value": true,
        "label": "Toggle Rescue missions",
        "tooltip": "Toggle Rescue missions.",
        "group": "Randomizer:Types Settings"
    },
	"togSpy": {
        "type": "checkbox",
        "value": true,
        "label": "Toggle Spy missions",
        "tooltip": "Toggle Spy missions.",
        "group": "Randomizer:Types Settings"
    },
	"togSurvival": {
        "type": "checkbox",
        "value": true,
        "label": "Toggle Survival missions",
        "tooltip": "Toggle Survival missions.",
        "group": "Randomizer:Types Settings"
    },
	"togArena": {
        "type": "checkbox",
        "value": true,
        "label": "Toggle Arena missions",
        "tooltip": "Toggle (Judgement, Index) missions.",
        "group": "Randomizer:Types Settings"
    },
	"togSabotage": {
        "type": "checkbox",
        "value": true,
        "label": "Toggle All Sabotage missions",
        "tooltip": "Toggle All Sabotage (Deception, Hive, Orokin, Reactor, Sealab) missions. This is super to individual sabotage toggles.",
        "group": "Randomizer:SaboTypes Settings"
    },
	"togDeceptionS": {
        "type": "checkbox",
        "value": true,
        "label": "Toggle Deception missions",
        "tooltip": "Toggle Deception missions.",
        "group": "Randomizer:SaboTypes Settings"
    },
	"togHiveS": {
        "type": "checkbox",
        "value": true,
        "label": "Toggle Hive missions",
        "tooltip": "Toggle Hive missions.",
        "group": "Randomizer:SaboTypes Settings"
    },
	"togOrokinS": {
        "type": "checkbox",
        "value": true,
        "label": "Toggle Orokin Sabotage missions",
        "tooltip": "Toggle Orokin Sabotage missions.",
        "group": "Randomizer:SaboTypes Settings"
    },
	"togSealabS": {
        "type": "checkbox",
        "value": true,
        "label": "Toggle Sealab Sabotage missions",
        "tooltip": "Toggle Sealab Sabotage missions.",
        "group": "Randomizer:SaboTypes Settings"
    },
	"settingsConfig": {
        "type": "textbox",
        "value": "!wrmsettings",
        "label": "Settings Config Command",
        "tooltip": "Command to use to config randomizer settings.",
        "group": "Settings Changer"
	},
	"settingsConfigList": {
		"type": "textbox",
        "value": "!wrmsettingslist",
        "label": "Settings Config List Command",
        "tooltip": "Command to use to list changable randomizer settings.",
        "group": "Settings Changer"
	},
	"settingsPermission": {
        "type": "dropdown",
        "value": "Caster",
        "items": ["Subscriber","Moderator","Caster"],
        "label": "Settings permission level for settings changing.",
        "tooltip": "Set the permission level for the !wrmsettings command",
        "group": "Settings Changer"
    },
	"respCooldownUser": {
        "type": "textbox",
        "value": "{0}, the command is still on cooldown for {1} seconds!",
        "label": "User Cooldown Response",
        "tooltip": "Message that the bot will display when the command is on cooldown for user. \r\n {0} = User \r\n {1} = Time remaining",
        "group": "Cooldown"
    },
	"respSettingsEmpty": {
        "type": "textbox",
        "value": "{0} config Syntax: {1} [Check commands with {2}] <0 to 100>. Do not enter a number amount if you want to learn more about each option.",
        "label": "Character Config Empty",
        "tooltip": "Message that will display when config syntax is checked. \r\n {0} = User \r\n {1} = Settings Command \r\n {2} = List Settings Command",
        "group": "Response Messages",
    },
	"respSettingsInvalidAmount": {
        "type": "textbox",
        "value": "{0}, sorry but the amount that you entered must be a numeric value 1 to 100.",
        "label": "Invalid Amount",
        "tooltip": "Message that will display when invalid amount is inputted. \r\n {0} = User",
        "group": "Response Messages",
    },
	"respSettingsInvalidAction": {
        "type": "textbox",
        "value": "{0}, sorry but {1} is an invalid setting. Please use !wrmsettingslist to see list of settings to change.",
        "label": "Invalid Action",
        "tooltip": "Message that will display when invalid setting is inputted. \r\n {0} = User \r\n {1} = Invalid Action",
        "group": "Response Messages",
    },
	"respNotLive": {
        "type": "textbox",
        "value": "Sorry {0}, but the stream must be live in order to use that command.",
        "label": "Not Live",
        "tooltip": "Message that will display if user attempts to use the command while stream is not live. \r\n {0} = User",
        "group": "Response Messages",
    },
}