{
	"MT_EXCAVATE": {
	   "value": "Excavation"
	},
	"MT_SABOTAGE": {
	   "value": "Sabotage"
	},
	"MT_MOBILE_DEFENSE": {
	   "value": "Mobile Defense"
	},
	"MT_ASSASSINATION": {
	   "value": "Assassination"
	},
	"MT_EXTERMINATION": {
	   "value": "Exterminate"
	},
	"MT_HIVE": {
	   "value": "Hive"
	},
	"MT_DEFENSE": {
	   "value": "Defense"
	},
	"MT_TERRITORY": {
	   "value": "Interception"
	},
	"MT_ARENA": {
	   "value": "Rathuum"
	},
	"MT_PVP": {
	   "value": "Conclave"
	},
	"MT_RESCUE": {
	   "value": "Rescue"
	},
	"MT_INTEL": {
	   "value": "Spy"
	},
	"MT_SURVIVAL": {
	   "value": "Survival"
	},
	"MT_CAPTURE": {
	   "value": "Capture"
	},
	"MT_SECTOR": {
	   "value": "Dark Sector"
	},
	"MT_RETRIEVAL":{
		"value": "Hijack"
	},
	"MT_ASSAULT":{
	   "value": "Assault"
	},
	"MT_EVACUATION":{
	   "value": "Defection"
	},
	"MT_LANDSCAPE": {
	   "value": "Free Roam"
	}
}