{
  "ArbitersSyndicate": {
    "name": "Arbiters of Hexis"
  },
  "CephalonSudaSyndicate": {
    "name": "Cephalon Suda"
  },
  "NewLokaSyndicate": {
    "name": "New Loka"
  },
  "PerrinSyndicate": {
    "name": "Perrin Sequence"
  },
  "SteelMeridianSyndicate": {
    "name": "Steel Meridian"
  },
  "RedVeilSyndicate": {
    "name": "Red Veil"
  },
  "CetusSyndicate": {
    "name": "Ostrons"
  },
  "QuillsSyndicate": {
    "name": "Quills"
  },
  "AssassinsSyndicate": {
    "name": "Assassins"
  },
  "EventSyndicate": {
    "name": "Operations Syndicate"
  }
}