[{
  "regex": "ash(\\sprime)?",
  "name": "Ash (Prime)",
  "url": "https://youtu.be/wOakp4nbIzw",
  "mr": "0",
  "health": "150/450",
  "shield": "100/300",
  "armor": "65",
  "power": "100/150",
  "speed": "1.15",
  "conclave": "90",
  "polarities": ["2x <:madurai:319586146499690496>"],
  "aura": " <:madurai:319586146499690496>",
  "description": "This is Ash, lethal and elusive.\nAsh can remain unseen, but his effects on the battlefield can be felt by all. Keep an eye out, Tenno.\n_Lotus_",
  "info": "http://warframe.wikia.com/wiki/Ash",
  "thumbnail": "https://vignette2.wikia.nocookie.net/warframe/images/1/17/AshNewLook.png/revision/latest/scale-to-width-down/291?cb=20141124022921",
  "location": "Grineer Manics (Void Relics)",
  "color": 6444627,
  "prime_mr": "",
  "prime_health": "",
  "prime_shield": "125/375",
  "prime_armor": "150",
  "prime_speed": "1.2",
  "prime_power": "",
  "prime_conclave": "",
  "prime_polarities": ["1x <:naramon:319586146478850048>", "2x <:madurai:319586146499690496>"],
  "prime_aura": ""
}, {
  "regex": "atlas",
  "name": "Atlas",
  "url": "https://youtu.be/oiLFg1dPum4",
  "mr": "0",
  "health": "100/300",
  "shield": "100/300",
  "armor": "450",
  "power": "150/225",
  "speed": "0.9",
  "conclave": "40",
  "polarities": ["1x <:naramon:319586146478850048>", "1x <:vazarin:319586146269003778>", "1x <:madurai:319586146499690496>"],
  "aura": " <:madurai:319586146499690496>",
  "description": "This is Atlas, the brawler, the strong.\nMoving mountains is no easy task, Tenno. Atlas endures.\n_Lotus_",
  "info": "http://warframe.wikia.com/wiki/Atlas",
  "thumbnail": "https://vignette2.wikia.nocookie.net/warframe/images/7/7f/AtlasNewLook.png/revision/latest/scale-to-width-down/291?cb=20151002032553",
  "location": "Jordas Golem Assassination",
  "color": 4663584
}, {
  "regex": "banshee(\\sprime)?",
  "name": "Banshee (Prime)",
  "url": "https://youtu.be/pJz7ZB0RLhY",
  "mr": "0",
  "health": "100/300",
  "shield": "100/300",
  "armor": "15",
  "power": "150/225",
  "speed": "1.1",
  "conclave": "60",
  "polarities": ["2x <:madurai:319586146499690496>"],
  "aura": " <:madurai:319586146499690496>",
  "description": "This is Banshee, stealthy and ranged.\nNo one puts Banshee in a corner, Tenno. The element of surprise is in her favor.\n_Lotus_",
  "info": "http://warframe.wikia.com/wiki/Banshee",
  "thumbnail": "https://vignette3.wikia.nocookie.net/warframe/images/9/9d/BansheeNewLook.png/revision/latest/scale-to-width-down/291?cb=20141124023002",
  "location": "Tenno Lab Research (Void Relics)",
  "color": 5792615,
  "prime_url": "https://youtu.be/OUVNonCWIaM",
  "prime_mr": "8",
  "prime_health": "",
  "prime_shield": "",
  "prime_armor": "65",
  "prime_speed": "1.15",
  "prime_power": "175/262.5",
  "prime_conclave": "",
  "prime_polarities": ["1x <:naramon:319586146478850048>", "2x <:madurai:319586146499690496>"],
  "prime_aura": " <:madurai:319586146499690496>"
}, {
  "regex": "chroma",
  "name": "Chroma",
  "url": "https://youtu.be/tseneCFkq24",
  "mr": "0",
  "health": "100/300",
  "shield": "100/300",
  "armor": "350",
  "power": "150/225",
  "speed": "1",
  "conclave": "50",
  "polarities": ["1x <:naramon:319586146478850048>", "1x <:madurai:319586146499690496>"],
  "aura": " <:madurai:319586146499690496>",
  "description": "This is Chroma, an ancient legend, master of the elements.\nWhen all the land is in ruins, Tenno, only Chroma will remain.\n_Lotus_",
  "info": "http://warframe.wikia.com/wiki/Chroma",
  "thumbnail": "https://vignette2.wikia.nocookie.net/warframe/images/2/2d/ChromaNewLook.png/revision/latest?cb=20150324023405",
  "location": "Junction Completion",
  "color": 11356200
}, {
  "regex": "ember(\\sprime)?",
  "name": "Ember",
  "url": "https://youtu.be/MdM8nUNOASg",
  "mr": "0",
  "health": "100/300",
  "shield": "100/300",
  "armor": "100",
  "power": "150/225",
  "speed": "1.1",
  "conclave": "120",
  "polarities": ["2x <:naramon:319586146478850048>"],
  "aura": " <:madurai:319586146499690496>",
  "description": "This is Ember, destructive and deadly.\nEmber's presence on the battlefield is devastating. Mind the heat, Tenno.\n_Lotus_",
  "info": "http://warframe.wikia.com/wiki/Ember",
  "thumbnail": "https://vignette2.wikia.nocookie.net/warframe/images/a/a7/EmberNewLook.png/revision/latest/scale-to-width-down/291?cb=20141124023013",
  "location": "General Sargus Ruk - Tethys, Saturn (Void Relics)",
  "color": 9137478,
  "prime_mr": "",
  "prime_health": "",
  "prime_shield": "125/375",
  "prime_armor": "125",
  "prime_speed": "",
  "prime_power": "150/225",
  "prime_conclave": "",
  "prime_polarities": ["1x <:vazarin:319586146269003778>", "1x <:madurai:319586146499690496>"],
  "prime_aura": "<:madurai:319586146499690496>"
}, {
  "regex": "equinox",
  "name": "Equinox",
  "url": "https://youtu.be/Ln-VsCtDVBU",
  "mr": "0",
  "health": "100/300",
  "shield": "100/300",
  "armor": "100",
  "power": "150/225",
  "speed": "1.15",
  "conclave": "60",
  "polarities": ["1x <:vazarin:319586146269003778>", "1x <:madurai:319586146499690496>"],
  "aura": "<:naramon:319586146478850048>",
  "description": "This is Equinox, a deadly duality.\nA true Tenno must master the divide between night and day. Do you have what it takes?\n_Lotus_",
  "info": "http://warframe.wikia.com/wiki/Equinox",
  "thumbnail": "https://vignette3.wikia.nocookie.net/warframe/images/e/ee/EquinoxSolo.png/revision/latest/scale-to-width-down/291?cb=20150731173954",
  "location": "Tyl Regor - Titania, Uranus",
  "color": 9216696
}, {
  "regex": "excalibur(\\sprime)?",
  "name": "Excalibur (Prime)",
  "url": "https://youtu.be/II8Up3NnZpI",
  "mr": "0",
  "health": "100/300",
  "shield": "100/300",
  "armor": "225",
  "power": "100/150",
  "speed": "1.0",
  "conclave": "70",
  "polarities": ["1x <:vazarin:319586146269003778>", "1x <:madurai:319586146499690496>"],
  "aura": "",
  "description": "This is Excalibur, a master of gun and blade.\nNo matter your style, Tenno, the Excalibur Warframe is a formidable choice.\n_Lotus_",
  "info": "http://warframe.wikia.com/wiki/Excalibur",
  "thumbnail": "https://vignette4.wikia.nocookie.net/warframe/images/4/40/ExcaliburNewLook.png/revision/latest/scale-to-width-down/291?cb=20141124023040",
  "location": "Lt. Lech Kril - War, Mars (Founders Program)",
  "color": 3291715,
  "prime_mr": "",
  "prime_health": "",
  "prime_shield": "",
  "prime_armor": "250",
  "prime_speed": "",
  "prime_power": "",
  "prime_conclave": "",
  "prime_polarities": ["1x <:vazarin:319586146269003778>", "2x <:madurai:319586146499690496>"],
  "prime_aura": "<:madurai:319586146499690496>"
}, {
  "regex": "frost(\\sprime)?",
  "name": "Frost",
  "url": "https://youtu.be/tecVALgPOFg",
  "mr": "0",
  "health": "100/300",
  "shield": "150/450",
  "armor": "300",
  "power": "100/150",
  "speed": "0.95",
  "conclave": "90",
  "polarities": ["1x <:naramon:319586146478850048>", "1x <:vazarin:319586146269003778>"],
  "aura": "<:vazarin:319586146269003778>",
  "description": "This is Frost, colder and deadlier than space itself.\nFrost can protect or punish, the decision is yours.\n_Lotus_",
  "info": "http://warframe.wikia.com/wiki/Frost",
  "thumbnail": "https://vignette3.wikia.nocookie.net/warframe/images/5/5a/FrostNewLook.png/revision/latest/scale-to-width-down/291?cb=20141124023059",
  "location": "Lt Lech Kril & Captain Vor - Exta, Ceres (Void Relics)",
  "color": 13354688,
  "prime_mr": "8",
  "prime_health": "",
  "prime_shield": "125/375",
  "prime_armor": "",
  "prime_speed": "",
  "prime_power": "150/225",
  "prime_conclave": "",
  "prime_polarities": ["1x <:vazarin:319586146269003778>", "2x <:vazarin:319586146269003778>"],
  "prime_aura": "<:vazarin:319586146269003778>"
}, {
  "regex": "gara",
  "name": "Gara",
  "url": "https://youtu.be/UM0KhiQVOa0",
  "mr": "0",
  "health": "100/300",
  "shield": "100/300",
  "armor": "125",
  "power": "150/225",
  "speed": "1.15",
  "polarities": ["<:madurai:319586146499690496>", "<:madurai:319586146499690496>"],
  "aura": "<:vazarin:319586146269003778>",
  "description": "This is Gara, the unbreakable warrior. Manipulator of glass, she fractures the resolve of her enemies.\nThe shattered remains of her enemies are all that Gara leaves behind. Tread lightly.\n_Lotus_",
  "info": "http://warframe.wikia.com/wiki/Gara",
  "thumbnail": "https://vignette.wikia.nocookie.net/warframe/images/2/2c/GaraNewLook.png/revision/latest",
  "location": "Quest - Saya's vigil",
  "color": 6895427
},{
  "regex": "harrow",
  "name": "Harrow",
  "url": "https://youtu.be/p2HXpeUh2QY",
  "mr": "0",
  "health": "100/300",
  "shield": "150/450",
  "armor": "150",
  "power": "100/150",
  "speed": "1.0",
  "conclave": "0",
  "polarities": [],
  "aura": "",
  "description": "This is Harrow, the monastic, the ritualist.\nHarrow is suffragan to the Void. Will you believe, Tenno?\n_Lotus_",
  "info": "http://warframe.wikia.com/wiki/Harrow",
  "thumbnail": "https://vignette4.wikia.nocookie.net/warframe/images/4/4d/Harrow.png/revision/latest/scale-to-width-down/257?cb=20170624033422",
  "location": "Quest - Chains of Harrow",
  "color": 6895427
}, {
  "regex": "hydroid",
  "name": "Hydroid",
  "url": "https://youtu.be/z2BHfrR3ikE",
  "mr": "0",
  "health": "100/300",
  "shield": "125/375",
  "armor": "200",
  "power": "125/188",
  "speed": "1.05",
  "conclave": "80",
  "polarities": ["1x <:naramon:319586146478850048>", "1x <:madurai:319586146499690496>"],
  "aura": "<:naramon:319586146478850048>",
  "description": "This is Hydroid, a deadly mystery from the depths.\nWhether the seas or the stars, Tenno, Hydroid takes a foreboding command of the battlefield.\n_Lotus_",
  "info": "http://warframe.wikia.com/wiki/Hydroid",
  "thumbnail": "https://vignette1.wikia.nocookie.net/warframe/images/9/9f/HydroidNewLook.png/revision/latest/scale-to-width-down/291?cb=20141124023113",
  "location": "Councilor Vay Hek - Oro, Earth",
  "color": 7702919,
  "prime_mr": "5",
  "prime_health": "",
  "prime_shield": "175/525",
  "prime_armor": "250",
  "prime_speed": "1.2",
  "prime_power": "150/225",
  "prime_polarities": [],
  "prime_aura": ""
}, {
  "regex": "inaros",
  "name": "Inaros",
  "url": "https://youtu.be/vYi1ETSjrFM",
  "mr": "0",
  "health": "550/2200",
  "shield": "0",
  "armor": "200",
  "power": "100/150",
  "speed": "1",
  "conclave": "0",
  "polarities": ["1x <:naramon:319586146478850048>", "1x <:vazarin:319586146269003778>"],
  "aura": "<:naramon:319586146478850048>",
  "description": "This is Inaros, the savior, king of the desert.\nWhether denizens of the sky or the earth, Tenno, the fear of Inaros is within.\n_Lotus_",
  "info": "http://warframe.wikia.com/wiki/Inaros",
  "thumbnail": "https://vignette4.wikia.nocookie.net/warframe/images/3/3a/InarosNewLook.png/revision/latest/scale-to-width-down/291?cb=20160308025219",
  "location": "Sands of Inaros - Baro Ki'Teer",
  "color": 5456433
}, {
  "regex": "ivara",
  "name": "Ivara",
  "url": "https://youtu.be/22RpqR-nCCA",
  "mr": "0",
  "health": "75/225",
  "shield": "100/300",
  "armor": "65",
  "power": "175/262.5",
  "speed": "1.15",
  "conclave": "0",
  "polarities": ["1x <:vazarin:319586146269003778>", "1x <:naramon:319586146478850048>"],
  "aura": "<:naramon:319586146478850048>",
  "description": "This is Ivara, the huntress, the thief.\nDon't roam around the forest looking for a fight, Tenno.\nIvara is always on guard.\n_Lotus_",
  "info": "http://warframe.wikia.com/wiki/Ivara",
  "thumbnail": "https://vignette3.wikia.nocookie.net/warframe/images/8/8c/IvaraNewLook.png/revision/latest?cb=20151204065626",
  "location": "Spy Missions",
  "color": 9652786
}, {
  "regex": "limbo",
  "name": "Limbo",
  "url": "https://youtu.be/Yaj_FuKkGWM",
  "mr": "0",
  "health": "100/300",
  "shield": "75/225",
  "armor": "65",
  "power": "150/225",
  "speed": "1.15",
  "conclave": "80",
  "polarities": ["2x <:madurai:319586146499690496>"],
  "aura": "<:naramon:319586146478850048>",
  "description": "This is Limbo, master of the Rift.\nIn a land of both shadow and substance, Limbo is both nowhere and everywhere.\n_Lotus_",
  "info": "http://warframe.wikia.com/wiki/Limbo",
  "thumbnail": "https://vignette3.wikia.nocookie.net/warframe/images/1/14/LimboNewLook.png/revision/latest?cb=20141124023126",
  "location": "Junction Completion",
  "color": 8361099
}, {
  "regex": "loki(\\sprime)?",
  "name": "Loki (Prime)",
  "url": "https://youtu.be/VXsg-rMTvAM",
  "mr": "0",
  "health": "75/225",
  "shield": "75/225",
  "armor": "65",
  "power": "150/225",
  "speed": "1.25",
  "conclave": "50",
  "polarities": ["1x <:vazarin:319586146269003778>", "1x <:madurai:319586146499690496>"],
  "aura": "<:naramon:319586146478850048>",
  "description": "This is Loki, the trickster, the deceiver.\nWhether you prefer to go into battle alone or with a team, Tenno, Loki will adapt to any style.\n_Lotus_",
  "info": "http://warframe.wikia.com/wiki/Loki",
  "thumbnail": "https://vignette3.wikia.nocookie.net/warframe/images/1/1c/LokiNewLook.png/revision/latest?cb=20141124023132",
  "location": "Hyena Pack - Psamathe, Neptune (Void Relics)",
  "color": 2572872,
  "prime_mr": "",
  "prime_health": "",
  "prime_shield": "",
  "prime_armor": "",
  "prime_power": "175/262.5",
  "prime_speed": "",
  "prime_conclave": "",
  "prime_polarities": ["2x <:vazarin:319586146269003778>", "1x <:madurai:319586146499690496>", "1x <:naramon:319586146478850048>"],
  "prime_aura": ""
}, {
  "regex": "mag(\\sprime)?",
  "name": "Mag (Prime)",
  "url": "https://youtu.be/TS05wxbrNts",
  "mr": "0",
  "health": "75/225",
  "shield": "150/450",
  "armor": "65",
  "power": "100/150",
  "speed": "1",
  "conclave": "80",
  "polarities": ["2x <:naramon:319586146478850048>"],
  "aura": "<:madurai:319586146499690496>",
  "description": "This is Mag, a force to be reckoned with.\nMag is a team player, Tenno, and a worthy addition to any squad.\n_Lotus_",
  "info": "http://warframe.wikia.com/wiki/Mag",
  "thumbnail": "https://vignette4.wikia.nocookie.net/warframe/images/b/bf/MagNewLook.png/revision/latest?cb=20141124023147",
  "location": "The Sergeant - Iliad, Phobos (Void Relics)",
  "color": 2371643,
  "prime_mr": "",
  "prime_health": "100/300",
  "prime_shield": "",
  "prime_armor": "",
  "prime_power": "",
  "prime_speed": "",
  "prime_conclave": "80",
  "prime_polarities": ["2x <:naramon:319586146478850048>", "1x <:madurai:319586146499690496>"],
  "prime_aura": ""
}, {
  "regex": "mesa",
  "name": "Mesa",
  "url": "https://youtu.be/29nFicujxn4",
  "mr": "0",
  "health": "125/375",
  "shield": "75/225",
  "armor": "65",
  "power": "100/150",
  "speed": "1.1",
  "conclave": "50",
  "polarities": ["2x <:naramon:319586146478850048>"],
  "aura": "<:madurai:319586146499690496>",
  "description": "This is Mesa, the vagabond, the outcast.\nDo you feel lucky, Tenno? Mesa's got the fastest guns in the stars.\n_Lotus_",
  "info": "http://warframe.wikia.com/wiki/Mesa",
  "thumbnail": "https://vignette3.wikia.nocookie.net/warframe/images/a/a6/MesaLarge.png/revision/latest?cb=20141211171927",
  "location": "Mutalist Alad V",
  "color": 13344533
}, {
  "regex": "mirage(\\sprime)?",
  "name": "Mirage (Prime)",
  "url": "https://youtu.be/3U8mcBd6yE0",
  "mr": "0",
  "health": "80/240",
  "shield": "80*/240",
  "armor": "65",
  "power": "150/225",
  "speed": "1.2",
  "conclave": "0",
  "polarities": ["1x <:vazarin:319586146269003778>", "1x <:madurai:319586146499690496>"],
  "aura": "<:naramon:319586146478850048>",
  "description": "This is Mirage, a sly conjurer.\nDo you believe in magic, Tenno? Mirage's deceiving influence on the battlefield might make you.\n_Lotus_",
  "info": "http://warframe.wikia.com/wiki/Mirage",
  "thumbnail": "https://vignette1.wikia.nocookie.net/warframe/images/3/31/MirageNewLook.png/revision/latest?cb=20141124023203",
  "location": "Hidden Messages",
  "color": 7682369,
  "prime_mr": "8",
  "prime_health": "",
  "prime_shield": "110/330",
  "prime_armor": "130",
  "prime_power": "",
  "prime_speed": "",
  "prime_conclave": "",
  "prime_polarities": ["<:vazarin:319586146269003778>", "<:vazarin:319586146269003778>", "<:madurai:319586146499690496>", "<:naramon:319586146478850048>"],
  "prime_aura": "",
  "prime_url": "https://youtu.be/LP9xH9hqC04"
}, {
  "regex": "nekros(\\sprime)?",
  "name": "Nekros(Prime)",
  "url": "https://youtu.be/rOO5vS0BpoQ",
  "mr": "0",
  "health": "100/300",
  "shield": "90/270",
  "armor": "65",
  "power": "100/150",
  "speed": "1.1",
  "conclave": "70",
  "polarities": ["1x <:vazarin:319586146269003778>", "1x <:madurai:319586146499690496>"],
  "aura": "None",
  "description": "This is Nekros, manipulator of souls.\nNekros possesses the battlefield, Tenno. Death is his playground.\n_Lotus_",
  "info": "http://warframe.wikia.com/wiki/Nekros",
  "thumbnail": "https://vignette1.wikia.nocookie.net/warframe/images/c/cc/NekrosNewLook.png/revision/latest?cb=20141124023210",
  "location": "Orokin Derelict Assassination (Void Relics)",
  "color": 12494149,
  "prime_url": "https://www.youtube.com/watch?v=InN07z-8LwE",
  "prime_mr": "",
  "prime_health": "",
  "prime_shield": "150/450",
  "prime_armor": "",
  "prime_power": "125/187.5",
  "prime_speed": "",
  "prime_polarities": ["1x <:madurai:319586146499690496>", "1x <:vazarin:319586146269003778>", "1x <:naramon:319586146478850048>"],
  "prime_aura": ""
}, {
  "regex": "nezha",
  "name": "Nezha",
  "url": "https://youtu.be/sPkSgfenxfo",
  "mr": "0",
  "health": "75/225",
  "shield": "75/225",
  "armor": "175",
  "power": "150/225",
  "speed": "1.15",
  "conclave": "60",
  "polarities": ["1x <:vazarin:319586146269003778>", "1x <:madurai:319586146499690496>"],
  "aura": "<:naramon:319586146478850048>",
  "description": "This is Nezha, the protector, the quick.\nFeel the heat, Tenno. Nezha is a burning thing, and he makes a fiery ring.\n_Lotus_",
  "info": "http://warframe.wikia.com/wiki/Nezha",
  "thumbnail": "https://vignette2.wikia.nocookie.net/warframe/images/4/45/NezhaNewLook.png/revision/latest?cb=20151217010251",
  "location": "Tenno Research Lab",
  "color": 11682077
}, {
  "regex": "nidus",
  "name": "Nidus",
  "url": "https://youtu.be/cmw4le23JX0",
  "mr": "0",
  "health": "150/450",
  "shield": "0",
  "armor": "300/450",
  "power": "100/150",
  "speed": "1",
  "conclave": "0",
  "polarities": ["1x <:madurai:319586146499690496>", "1x <:vazarin:319586146269003778>"],
  "aura": "<:madurai:319586146499690496>",
  "description": "This is Nidus, the adaptive, the scourge.\nNidus is a deadly plague for which there is no cure. You must control the strange disease.\n_Lotus_",
  "info": "http://warframe.wikia.com/wiki/Nidus",
  "thumbnail": "https://vignette2.wikia.nocookie.net/warframe/images/4/4c/NidusNewLook.png/revision/latest?cb=20161223053121",
  "location": "The Glast Gambit",
  "color": 8469587
}, {
  "regex": "nova(\\sprime)?",
  "name": "Nova (Prime)",
  "url": "https://youtu.be/TxJMDv4dYIU",
  "mr": "0",
  "health": "100/300",
  "shield": "75/225",
  "armor": "65",
  "power": "150/225",
  "speed": "1.2",
  "conclave": "80",
  "polarities": ["1x <:madurai:319586146499690496>"],
  "aura": "<:naramon:319586146478850048>",
  "description": "This is Nova, wildly unpredictable.\nNova's presence on the battlefield is complex and deadly. Handle with care, Tenno.\n_Lotus_",
  "info": "http://warframe.wikia.com/wiki/Nova",
  "thumbnail": "https://vignette1.wikia.nocookie.net/warframe/images/5/52/NovaNewLook.png/revision/latest?cb=20141124023217",
  "location": " Raptors - Naamah, Europa (Void Relics)",
  "color": 8288886,
  "prime_mr": "",
  "prime_health": "",
  "prime_shield": "100/300",
  "prime_armor": "",
  "prime_power": "175/262.5",
  "prime_speed": "",
  "prime_conclave": "",
  "prime_polarities": ["3x <:madurai:319586146499690496>"],
  "prime_aura": ""
}, {
  "regex": "nyx(\\sprime)?",
  "name": "Nyx (Prime)",
  "url": "https://youtu.be/JoyQo38BZf4",
  "mr": "0",
  "health": "100/300",
  "shield": "100/300",
  "armor": "15",
  "power": "150/225",
  "speed": "1.1",
  "conclave": "50",
  "polarities": ["1x <:madurai:319586146499690496>", "1x <:naramon:319586146478850048>"],
  "aura": "<:naramon:319586146478850048>",
  "description": "This is Nyx, manipulator of minds.\nOn her own or with a group, Nyx can turn the tide of battle in her favor.\n_Lotus_",
  "info": "http://warframe.wikia.com/wiki/Nyx",
  "thumbnail": "https://vignette1.wikia.nocookie.net/warframe/images/c/cb/NyxNewLook.png/revision/latest?cb=20141124023223",
  "location": "Phorid - Infested Invasion (Void Relics)",
  "color": 5154454,
  "prime_mr": "",
  "prime_health": "",
  "prime_shield": "125/375",
  "prime_armor": "50",
  "prime_power": "",
  "prime_speed": "1.125",
  "prime_polarities": ["1x <:madurai:319586146499690496>", "1x <:naramon:319586146478850048>", "1x <:vazarin:319586146269003778>"],
  "prime_aura": ""
}, {
  "regex": "oberon(\\sprime)?",
  "name": "Oberon (Prime)",
  "url": "https://youtu.be/yAc1tXpH6Ns",
  "mr": "0",
  "health": "125/375",
  "shield": "100/300",
  "armor": "150",
  "power": "150/225",
  "speed": "1",
  "conclave": "90",
  "polarities": ["2x <:madurai:319586146499690496>"],
  "aura": "<:madurai:319586146499690496>",
  "description": "This is Oberon, the mystic, the willful.\nOberon is an adept and honorable warrior, Tenno. Are you?\n_Lotus_",
  "info": "http://warframe.wikia.com/wiki/Oberon",
  "thumbnail": "https://vignette3.wikia.nocookie.net/warframe/images/8/8c/OberonNewLook.png/revision/latest?cb=20150223022507",
  "location": "Eximus Units (Void Relics)",
  "color": 10989093,
  "prime_url": "https://youtu.be/Ij8Ql_RbdT8",
  "prime_mr": "8",
  "prime_health": "",
  "prime_shield": "",
  "prime_armor": "225",
  "prime_power": "175",
  "prime_speed": "",
  "prime_polarities": ["2x <:naramon:319586146478850048>", "2x <:madurai:319586146499690496>"],
  "prime_aura": ""
}, {
  "regex": "octavia",
  "name": "Octavia",
  "url": "https://youtu.be/v2kzd1OCHXw",
  "mr": "0",
  "health": "100/300",
  "shield": "75/225",
  "armor": "125",
  "power": "150/225",
  "speed": "1.06",
  "polarities": ["2x <:naramon:319586146478850048>"],
  "aura": "<:naramon:319586146478850048>",
  "description": "This is Octavia, the melodic, the maestro.\nIf music be the food of death... play on, Tenno.\n_Lotus_",
  "info": "http://warframe.wikia.com/wiki/Octavia",
  "thumbnail": "https://vignette3.wikia.nocookie.net/warframe/images/a/a9/Octavia.png/revision/latest?cb=20170324225749",
  "location": "Octavia's Anthem",
  "color": 9192826
}, {
  "regex": "rhino(\\sprime)?",
  "name": "Rhino (Prime)",
  "url": "https://youtu.be/24wDtcTwGvc",
  "mr": "0",
  "health": "100/300",
  "shield": "150/450",
  "armor": "190",
  "power": "100/150",
  "speed": ".95",
  "conclave": "146",
  "polarities": ["2x <:vazarin:319586146269003778>"],
  "aura": "<:naramon:319586146478850048>",
  "description": "This is Rhino, an immovable force and highly resilient.\nRhino can survive alone or become the cornerstone of any squad, Tenno. The choice is yours.\n_Lotus_",
  "info": "http://warframe.wikia.com/wiki/Rhino",
  "thumbnail": "https://vignette2.wikia.nocookie.net/warframe/images/4/40/RhinoNewLook.png/revision/latest?cb=20141124023302",
  "location": "Jackal - Fossa, Venus (Void Relics)",
  "color": 10645067,
  "prime_mr": "",
  "prime_health": "",
  "prime_shield": "",
  "prime_armor": "275",
  "prime_speed": "1",
  "prime_conclave": "150",
  "prime_polarities": ["2x <:vazarin:319586146269003778>", "1x <:naramon:319586146478850048>"],
  "prime_aura": "<:madurai:319586146499690496>"
}, {
  "regex": "saryn(\\sprime)?",
  "name": "Saryn (Prime)",
  "url": "https://youtu.be/f0Ufldkykko",
  "mr": "0",
  "health": "125/375",
  "shield": "100/300",
  "armor": "175",
  "power": "150/225",
  "speed": ".95",
  "conclave": "150",
  "polarities": ["1x <:naramon:319586146478850048>", "1x <:vazarin:319586146269003778>"],
  "aura": "<:vazarin:319586146269003778>",
  "description": "This is Saryn, elusive and deadly.\nSaryn is a deadly force on the battlefield. Get down with the sickness, Tenno.\n_Lotus_",
  "info": "http://warframe.wikia.com/wiki/Saryn",
  "thumbnail": "https://vignette1.wikia.nocookie.net/warframe/images/d/d9/SarynNewLook.png/revision/latest?cb=20141124023331",
  "location": "Kela De Thaym - Merrow, Sedna (Void Relics)",
  "color": 10195079,
  "prime_url": "https://www.youtube.com/watch?v=qO4ldsvVbjA",
  "prime_mr": "",
  "prime_health": "",
  "prime_shield": "",
  "prime_armor": "225",
  "prime_power": "200/300",
  "prime_speed": "1",
  "prime_conclave": "70",
  "prime_polarities": ["1x <:naramon:319586146478850048>", "1x <:vazarin:319586146269003778>", "1x <:madurai:319586146499690496>"],
  "prime_aura": ""
}, {
  "regex": "titania",
  "name": "Titania",
  "url": "https://youtu.be/Shm1Yvo2PHI",
  "mr": "0",
  "health": "100/300",
  "shield": "100/300",
  "armor": "65",
  "power": "100/150",
  "speed": "1",
  "conclave": "0",
  "polarities": ["1x <:madurai:319586146499690496>", "1x <:vazarin:319586146269003778>"],
  "aura": "<:madurai:319586146499690496>",
  "description": "This is Titania, the pixie, the unseen.\nTitania is a deadly and mischievous addition to any squad, but don't take my word for it Tenno.\n_Lotus_",
  "info": "http://warframe.wikia.com/wiki/Titania",
  "thumbnail": "https://vignette3.wikia.nocookie.net/warframe/images/8/84/TitaniaNewLook.png/revision/latest?cb=20160822154359",
  "location": "The Silver Grove",
  "color": 10052463
}, {
  "regex": "trinity(\\sprime)?",
  "name": "Trinity (Prime)",
  "url": "https://youtu.be/1dm7pNIHANo",
  "mr": "0",
  "health": "100/300",
  "shield": "100/300",
  "armor": "15",
  "power": "150/225",
  "speed": "1",
  "conclave": "70",
  "polarities": ["2x <:vazarin:319586146269003778>"],
  "aura": "<:vazarin:319586146269003778>",
  "description": "This is Trinity, the healer, the equalizer.\nTrinity is a must for any high-stakes mission. She'll save your life, Tenno.\n_Lotus_",
  "info": "http://warframe.wikia.com/wiki/Trinity",
  "thumbnail": "https://vignette3.wikia.nocookie.net/warframe/images/0/00/TrinityNewLook.png/revision/latest?cb=20141124023338",
  "location": " Ambulas - Hades, Pluto (Void Relics)",
  "color": 11551801,
  "prime_mr": "",
  "prime_health": "",
  "prime_shield": "150/450",
  "prime_armor": "",
  "prime_power": "",
  "prime_speed": "1.1",
  "prime_conclave": "",
  "prime_polarities": ["2x <:vazarin:319586146269003778>", "1x <:madurai:319586146499690496>", "1x <:naramon:319586146478850048>"],
  "prime_aura": ""
}, {
  "regex": "valkyr(\\sprime)?",
  "name": "Valkyr (Prime)",
  "url": "https://youtu.be/K-jH6mP37_k",
  "mr": "0",
  "health": "100/300",
  "shield": "50/150",
  "armor": "600",
  "power": "100/150",
  "speed": "1.1",
  "conclave": "90",
  "polarities": ["2x <:madurai:319586146499690496>"],
  "aura": "<:madurai:319586146499690496>",
  "description": "This is Valkyr, the tormented, the experiment.\nValkyr was crafted from torment, Tenno. Take control of her rage.\n_Lotus_",
  "info": "http://warframe.wikia.com/wiki/Valkyr",
  "thumbnail": "https://vignette3.wikia.nocookie.net/warframe/images/0/0e/ValkyrNewLook.png/revision/latest?cb=20141124023346",
  "location": " Alad V - Themisto, Jupiter (Void Relics)",
  "color": 12800043,
  "prime_mr": "",
  "prime_health": "",
  "prime_shield": "",
  "prime_armor": "700",
  "prime_speed": "",
  "prime_polarities": ["3x <:madurai:319586146499690496>"],
  "prime_aura": ""
}, {
  "regex": "vauban(\\sprime)?",
  "name": "Vauban (Prime)",
  "url": "https://youtu.be/pQgp_dfJ_oI",
  "health": "100/300",
  "shield": "75/225",
  "armor": "50",
  "power": "150/225",
  "speed": "1",
  "conclave": "80",
  "polarities": ["1x <:naramon:319586146478850048>", "1x <:madurai:319586146499690496>"],
  "aura": "<:naramon:319586146478850048>",
  "description": "This is Vauban, focused and methodical.\nVauban willingly sacrificed his own safety in the name of mayhem. Use him wisely, Tenno.\n_Lotus_",
  "info": "http://warframe.wikia.com/wiki/Vauban",
  "thumbnail": "https://vignette2.wikia.nocookie.net/warframe/images/2/23/VaubanNewLook.png/revision/latest?cb=20141124023352",
  "location": "Alerts (Void Relics)",
  "color": 6974052,
  "prime_url": "https://youtu.be/EHlzu3Ia4xw",
  "prime_mr": "",
  "prime_health": "",
  "prime_shield": "",
  "prime_armor": "100",
  "prime_power": "",
  "prime_speed": "",
  "prime_polarities": ["1x <:naramon:319586146478850048>", "1x <:madurai:319586146499690496>", "1x <:vazarin:319586146269003778>"],
  "prime_aura": ""
}, {
  "regex": "volt(\\sprime)?",
  "name": "Volt (Prime)",
  "url": "https://youtu.be/ccQ9456TTuo",
  "mr": "8",
  "health": "100/300",
  "shield": "150/450",
  "armor": "15",
  "power": "100/150",
  "speed": "1",
  "conclave": "80",
  "polarities": ["1x <:naramon:319586146478850048>", "1x <:madurai:319586146499690496>"],
  "aura": "<:madurai:319586146499690496>",
  "description": "This is Volt, a versatile warrior.\nVolt's arsenal is powerful and electrifying. Handle with care, Tenno.\n_Lotus_",
  "info": "http://warframe.wikia.com/wiki/Volt",
  "thumbnail": "https://vignette3.wikia.nocookie.net/warframe/images/4/4d/VoltNewLook.png/revision/latest?cb=20141124023359",
  "location": "Tenno Research Lab (Void Relics)",
  "color": 12764858,
  "prime_mr": "",
  "prime_health": "",
  "prime_shield": "",
  "prime_armor": "100",
  "prime_power": "200/300",
  "prime_speed": "",
  "prime_conclave": "",
  "prime_polarities": ["1x <:naramon:319586146478850048>", "2x <:madurai:319586146499690496>"],
  "prime_aura": ""
}, {
  "regex": "wukong",
  "name": "Wukong",
  "url": "https://youtu.be/7n4bjy0PbxY",
  "health": "100/300",
  "shield": "125/375",
  "armor": "225",
  "power": "100/150",
  "speed": ".95",
  "conclave": "10",
  "polarities": ["1x <:naramon:319586146478850048>", "1x <:vazarin:319586146269003778>"],
  "aura": "<:madurai:319586146499690496>",
  "description": "This is Wukong, the enduring, the swift.\nEverybody's got something to hide, Tenno. Except Wukong.\n_Lotus_",
  "info": "http://warframe.wikia.com/wiki/Wukong",
  "thumbnail": "https://vignette4.wikia.nocookie.net/warframe/images/9/91/WukongNewIcon.png/revision/latest?cb=20151125205508",
  "location": "Tenno Research Lab",
  "color": 4283771
}, {
  "regex": "zephyr",
  "name": "Zephyr",
  "url": "https://youtu.be/KurbStEIqrQ",
  "mr": "0",
  "health": "150/450",
  "shield": "150/450",
  "armor": "15",
  "power": "100/150",
  "speed": "1.15",
  "conclave": "60",
  "polarities": ["1x <:madurai:319586146499690496>", "1x <:naramon:319586146478850048>"],
  "aura": "<:vazarin:319586146269003778>"
}]